campaign_id,channel_id,category,channel,budget,spend,campaign_channel_id
10001,108,Advertising,Mobile Ad,800,544,10001AD11111
10001,203,Content,Presentation,4000,3440,10001CO11112
10002,112,Advertising,Receipt Code,2400,3000,10002AD11113
10003,811,Search,PPC,6900,6831,10003SE11114
10003,907,Social,LinkedIn Post,1400,1372,10003SO11115
10003,702,Mobile,SMS,3900,3783,10003MO11116
10004,905,Social,Influencer outreach,2100,2667,10004SO11117
10004,702,Mobile,SMS,3900,3432,10004MO11118
10004,202,Content,Infographics,2900,2552,10004CO11119
10004,114,Advertising,YouTube Pre-roll,1900,1596,10004AD11120
10005,501,Event,Brand Hijack,28900,24565,10005EV11121
10005,801,PR,Press Release,4700,2820,10005PR11122
10005,202,Content,Infographics,2900,3132,10005CO11123
10006,722,Web,Ebay Store,9500,8550,10006WE11124
10006,202,Content,Infographics,2900,3306,10006CO11125
10006,106,Advertising,LinkedIn Ad,1000,1050,10006AD11126
10006,205,Content,Research Paper,5900,5428,10006CO11127
10007,601,In-Store,Display,14000,13440,10007IN11128
10008,304,Direct,Swag,7400,7326,10008DI11129
10008,204,Content,Report Sponsorship,3600,3384,10008CO11130
10009,104,Advertising,In-game,1400,1204,10009AD11131
10009,203,Content,Presentation,4000,4280,10009CO11132
10009,205,Content,Research Paper,5900,5546,10009CO11133
10010,722,Web,Ebay Store,9500,9120,10010WE11134
10011,369,Telephone,Telesales,42200,40512,10011TE11135
10011,205,Content,Research Paper,5900,2596,10011CO11136
10012,204,Content,Report Sponsorship,3600,3528,10012CO11137
10013,106,Advertising,LinkedIn Ad,1000,1150,10013AD11138
10014,304,Direct,Swag,7400,7030,10014DI11139
10014,902,Social,Facebook Page,2300,2346,10014SO11140
10015,402,Email,Email Signature,1900,2147,10015EM11141
10015,907,Social,LinkedIn Post,1400,1736,10015SO11142
10016,401,Email,Email Blast,2800,2828,10016EM11143
10016,909,Social,Twitter account,1800,1872,10016SO11144
10016,903,Social,Facebook Post,700,602,10016SO11145
10017,303,Direct,Postal Mail,4800,2976,10017DI11146
10017,702,Mobile,SMS,3900,2769,10017MO11147
10018,114,Advertising,YouTube Pre-roll,1900,1919,10018AD11148
10019,502,Event,Events,64000,53760,10019EV11149
10019,605,In-Store,Signage,3200,2816,10019IN11150
10019,702,Mobile,SMS,3900,4797,10019MO11151
10020,907,Social,LinkedIn Post,1400,1344,10020SO11152
10020,721,Web,Amazon Store,2100,1722,10020WE11153
10021,402,Email,Email Signature,1900,1615,10021EM11154
10022,701,Mobile,Mobile App,3200,2432,10022MO11155
10023,602,In-Store,Kiosk,4000,5240,10023IN11156
10023,303,Direct,Postal Mail,4800,4032,10023DI11157
10023,102,Advertising,Billboard,9500,11020,10023AD11158
10024,205,Content,Research Paper,5900,5723,10024CO11159
10025,113,Advertising,Sports Sponsorship,54700,33367,10025AD11160
10025,106,Advertising,LinkedIn Ad,1000,1130,10025AD11161
10025,206,Content,Video,11700,13572,10025CO11162
10025,101,Advertising,Aggregator,700,735,10025AD11163
10025,303,Direct,Postal Mail,4800,6144,10025DI11164
10025,909,Social,Twitter account,1800,1566,10025SO11165
10026,811,Search,PPC,6900,6624,10026SE11166
10027,301,Direct,Alliance Marketing,9500,5700,10027DI11167
10027,204,Content,Report Sponsorship,3600,4608,10027CO11168
10028,901,Social,Blog,700,665,10028SO11169
10028,303,Direct,Postal Mail,4800,4848,10028DI11170
10029,811,Search,PPC,6900,6555,10029SE11171
10029,109,Advertising,Paid Review,1200,1404,10029AD11172
10030,402,Email,Email Signature,1900,1558,10030EM11173
10030,910,Social,Youtube channel,800,616,10030SO11174
10030,904,Social,Forum,3900,3003,10030SO11175
10030,106,Advertising,LinkedIn Ad,1000,1030,10030AD11176
10031,108,Advertising,Mobile Ad,800,704,10031AD11177
10032,605,In-Store,Signage,3200,2080,10032IN11178
10033,721,Web,Amazon Store,2100,1491,10033WE11179
10034,901,Social,Blog,700,581,10034SO11180
10035,909,Social,Twitter account,1800,1242,10035SO11181
10036,206,Content,Video,11700,12519,10036CO11182
10037,721,Web,Amazon Store,2100,2562,10037WE11183
10038,723,Web,Microsites,2000,2700,10038WE11184
10038,114,Advertising,YouTube Pre-roll,1900,1634,10038AD11185
10039,402,Email,Email Signature,1900,2375,10039EM11186
10039,202,Content,Infographics,2900,2407,10039CO11187
10039,723,Web,Microsites,2000,1400,10039WE11188
10040,105,Advertising,Insert,4400,4048,10040AD11189
10040,205,Content,Research Paper,5900,5959,10040CO11190
10041,901,Social,Blog,700,511,10041SO11191
10041,601,In-Store,Display,14000,7980,10041IN11192
10042,101,Advertising,Aggregator,700,546,10042AD11193
10042,908,Social,Twitter,800,848,10042SO11194
10042,359,Telephone,Hold Message,2400,2856,10042TE11195
10042,702,Mobile,SMS,3900,3237,10042MO11196
10042,905,Social,Influencer outreach,2100,1890,10042SO11197
10042,304,Direct,Swag,7400,7326,10042DI11198
10043,109,Advertising,Paid Review,1200,1200,10043AD11199
10044,101,Advertising,Aggregator,700,700,10044AD11200
10045,902,Social,Facebook Page,2300,2231,10045SO11201
10045,906,Social,LinkedIn Group,1400,1442,10045SO11202
10045,907,Social,LinkedIn Post,1400,1204,10045SO11203
10045,907,Social,LinkedIn Post,1400,1456,10045SO11204
10045,401,Email,Email Blast,2800,2772,10045EM11205
10046,106,Advertising,LinkedIn Ad,1000,1060,10046AD11206
10047,802,PR,Public Relations,6300,7119,10047PR11207
10047,909,Social,Twitter account,1800,1260,10047SO11208
10047,402,Email,Email Signature,1900,1482,10047EM11209
10048,801,PR,Press Release,4700,4935,10048PR11210
10049,104,Advertising,In-game,1400,1302,10049AD11211
10049,604,In-Store,POS displays,5200,5148,10049IN11212
10049,906,Social,LinkedIn Group,1400,1722,10049SO11213
10049,901,Social,Blog,700,693,10049SO11214
10049,114,Advertising,YouTube Pre-roll,1900,1653,10049AD11215
10049,802,PR,Public Relations,6300,7623,10049PR11216
10050,812,Search,SEO,2300,2162,10050SE11217
10050,304,Direct,Swag,7400,5254,10050DI11218
10051,605,In-Store,Signage,3200,3008,10051IN11219
10052,811,Search,PPC,6900,8832,10052SE11220
10052,114,Advertising,YouTube Pre-roll,1900,2679,10052AD11221
10053,106,Advertising,LinkedIn Ad,1000,780,10053AD11222
10054,602,In-Store,Kiosk,4000,3680,10054IN11223
10055,114,Advertising,YouTube Pre-roll,1900,1843,10055AD11224
10056,906,Social,LinkedIn Group,1400,1078,10056SO11225
10056,802,PR,Public Relations,6300,4347,10056PR11226
10057,906,Social,LinkedIn Group,1400,1190,10057SO11227
10058,801,PR,Press Release,4700,3760,10058PR11228
10059,901,Social,Blog,700,588,10059SO11229
10060,605,In-Store,Signage,3200,2784,10060IN11230
10061,801,PR,Press Release,4700,6533,10061PR11231
10061,908,Social,Twitter,800,968,10061SO11232
10061,205,Content,Research Paper,5900,6549,10061CO11233
10062,605,In-Store,Signage,3200,3968,10062IN11234
10063,702,Mobile,SMS,3900,3939,10063MO11235
10063,503,Event,Prizes/Exhibitions,7600,8664,10063EV11236
10064,702,Mobile,SMS,3900,4953,10064MO11237
10064,106,Advertising,LinkedIn Ad,1000,1120,10064AD11238
10064,111,Advertising,Radio Ad,4100,2747,10064AD11239
10065,907,Social,LinkedIn Post,1400,1162,10065SO11240
10065,106,Advertising,LinkedIn Ad,1000,1180,10065AD11241
10065,304,Direct,Swag,7400,5698,10065DI11242
10065,802,PR,Public Relations,6300,7182,10065PR11243
10065,109,Advertising,Paid Review,1200,612,10065AD11244
10066,907,Social,LinkedIn Post,1400,1120,10066SO11245
10066,101,Advertising,Aggregator,700,434,10066AD11246
10067,114,Advertising,YouTube Pre-roll,1900,1957,10067AD11247
10068,302,Direct,Catalogue,24700,16055,10068DI11248
10068,702,Mobile,SMS,3900,2847,10068MO11249
10069,104,Advertising,In-game,1400,1526,10069AD11250
10070,402,Email,Email Signature,1900,2128,10070EM11251
10070,907,Social,LinkedIn Post,1400,644,10070SO11252
10071,723,Web,Microsites,2000,900,10071WE11253
10071,303,Direct,Postal Mail,4800,4800,10071DI11254
10071,801,PR,Press Release,4700,2726,10071PR11255
10071,812,Search,SEO,2300,1564,10071SE11256
10071,303,Direct,Postal Mail,4800,3168,10071DI11257
10071,101,Advertising,Aggregator,700,476,10071AD11258
10071,114,Advertising,YouTube Pre-roll,1900,2641,10071AD11259
10071,905,Social,Influencer outreach,2100,1701,10071SO11260
10071,604,In-Store,POS displays,5200,6032,10071IN11261
10071,901,Social,Blog,700,693,10071SO11262
10071,812,Search,SEO,2300,2507,10071SE11263
10071,401,Email,Email Blast,2800,3080,10071EM11264
10072,905,Social,Influencer outreach,2100,1848,10072SO11265
10072,151,TV,Program Sponsorship,28400,23004,10072TV11266
10072,151,TV,Program Sponsorship,28400,18176,10072TV11267
10073,153,TV,TV advert,4500,3510,10073TV11268
10073,304,Direct,Swag,7400,5772,10073DI11269
10074,359,Telephone,Hold Message,2400,2184,10074TE11270
10075,909,Social,Twitter account,1800,1962,10075SO11271
10076,721,Web,Amazon Store,2100,1890,10076WE11272
10076,701,Mobile,Mobile App,3200,3616,10076MO11273
10077,902,Social,Facebook Page,2300,2576,10077SO11274
10077,106,Advertising,LinkedIn Ad,1000,890,10077AD11275
10078,811,Search,PPC,6900,6555,10078SE11276
10079,904,Social,Forum,3900,2847,10079SO11277
10079,605,In-Store,Signage,3200,3936,10079IN11278
10080,905,Social,Influencer outreach,2100,2079,10080SO11279
10080,602,In-Store,Kiosk,4000,3520,10080IN11280
10081,369,Telephone,Telesales,42200,34182,10081TE11281
10082,701,Mobile,Mobile App,3200,3296,10082MO11282
10083,801,PR,Press Release,4700,2491,10083PR11283
10083,104,Advertising,In-game,1400,1484,10083AD11284
10084,905,Social,Influencer outreach,2100,1932,10084SO11285
10084,907,Social,LinkedIn Post,1400,1218,10084SO11286
10084,201,Content,Content marketing,2800,1904,10084CO11287
10084,114,Advertising,YouTube Pre-roll,1900,1919,10084AD11288
10084,401,Email,Email Blast,2800,3612,10084EM11289
10084,812,Search,SEO,2300,2737,10084SE11290
10085,402,Email,Email Signature,1900,1710,10085EM11291
10086,206,Content,Video,11700,12168,10086CO11292
10086,109,Advertising,Paid Review,1200,1224,10086AD11293
10087,201,Content,Content marketing,2800,2240,10087CO11294
10088,304,Direct,Swag,7400,7770,10088DI11295
10089,103,Advertising,Digital Signage,4600,5842,10089AD11296
10090,801,PR,Press Release,4700,5358,10090PR11297
10090,903,Social,Facebook Post,700,665,10090SO11298
10090,721,Web,Amazon Store,2100,1197,10090WE11299
10091,904,Social,Forum,3900,4446,10091SO11300
10091,201,Content,Content marketing,2800,4060,10091CO11301
10092,903,Social,Facebook Post,700,861,10092SO11302
10093,802,PR,Public Relations,6300,6111,10093PR11303
10093,203,Content,Presentation,4000,4760,10093CO11304
10094,904,Social,Forum,3900,3900,10094SO11305
10095,109,Advertising,Paid Review,1200,1644,10095AD11306
10095,402,Email,Email Signature,1900,2299,10095EM11307
10096,801,PR,Press Release,4700,4089,10096PR11308
10096,812,Search,SEO,2300,1380,10096SE11309
10096,909,Social,Twitter account,1800,2160,10096SO11310
10096,604,In-Store,POS displays,5200,2600,10096IN11311
10096,902,Social,Facebook Page,2300,2392,10096SO11312
10097,359,Telephone,Hold Message,2400,1824,10097TE11313
10097,723,Web,Microsites,2000,1740,10097WE11314
10098,402,Email,Email Signature,1900,1368,10098EM11315
10098,107,Advertising,Magazine Ad,4300,4601,10098AD11316
10098,108,Advertising,Mobile Ad,800,736,10098AD11317
10099,902,Social,Facebook Page,2300,2070,10099SO11318
10099,114,Advertising,YouTube Pre-roll,1900,2166,10099AD11319
10099,801,PR,Press Release,4700,6721,10099PR11320
10100,902,Social,Facebook Page,2300,2369,10100SO11321
10100,359,Telephone,Hold Message,2400,1872,10100TE11322
10100,502,Event,Events,64000,67840,10100EV11323
10100,104,Advertising,In-game,1400,966,10100AD11324
10101,201,Content,Content marketing,2800,2884,10101CO11325
10102,114,Advertising,YouTube Pre-roll,1900,1919,10102AD11326
10102,802,PR,Public Relations,6300,5355,10102PR11327
10102,101,Advertising,Aggregator,700,840,10102AD11328
10102,722,Web,Ebay Store,9500,8550,10102WE11329
10102,301,Direct,Alliance Marketing,9500,11590,10102DI11330
10103,104,Advertising,In-game,1400,896,10103AD11331
10104,204,Content,Report Sponsorship,3600,1476,10104CO11332
10105,107,Advertising,Magazine Ad,4300,4343,10105AD11333
10105,206,Content,Video,11700,8424,10105CO11334
10105,605,In-Store,Signage,3200,3456,10105IN11335
10106,203,Content,Presentation,4000,4040,10106CO11336
10106,605,In-Store,Signage,3200,608,10106IN11337
10107,801,PR,Press Release,4700,4747,10107PR11338
10107,907,Social,LinkedIn Post,1400,1694,10107SO11339
10108,908,Social,Twitter,800,408,10108SO11340
10108,904,Social,Forum,3900,2769,10108SO11341
10109,201,Content,Content marketing,2800,3136,10109CO11342
10110,901,Social,Blog,700,847,10110SO11343
10110,359,Telephone,Hold Message,2400,2712,10110TE11344
10110,910,Social,Youtube channel,800,984,10110SO11345
10111,812,Search,SEO,2300,2783,10111SE11346
10111,114,Advertising,YouTube Pre-roll,1900,1235,10111AD11347
10111,103,Advertising,Digital Signage,4600,3680,10111AD11348
10111,909,Social,Twitter account,1800,1764,10111SO11349
10111,112,Advertising,Receipt Code,2400,2064,10111AD11350
10111,109,Advertising,Paid Review,1200,1032,10111AD11351
10111,108,Advertising,Mobile Ad,800,1032,10111AD11352
10112,723,Web,Microsites,2000,1520,10112WE11353
10113,105,Advertising,Insert,4400,3828,10113AD11354
10113,802,PR,Public Relations,6300,7371,10113PR11355
10114,107,Advertising,Magazine Ad,4300,2666,10114AD11356
10114,202,Content,Infographics,2900,2755,10114CO11357
10114,114,Advertising,YouTube Pre-roll,1900,779,10114AD11358
10115,604,In-Store,POS displays,5200,5876,10115IN11359
10116,204,Content,Report Sponsorship,3600,3492,10116CO11360
10116,801,PR,Press Release,4700,5593,10116PR11361
10117,402,Email,Email Signature,1900,1862,10117EM11362
10118,812,Search,SEO,2300,1886,10118SE11363
10118,501,Event,Brand Hijack,28900,32946,10118EV11364
10119,201,Content,Content marketing,2800,2828,10119CO11365
10120,907,Social,LinkedIn Post,1400,1960,10120SO11366
10120,112,Advertising,Receipt Code,2400,3000,10120AD11367
10120,201,Content,Content marketing,2800,3192,10120CO11368
10120,402,Email,Email Signature,1900,2109,10120EM11369
10121,359,Telephone,Hold Message,2400,2544,10121TE11370
10122,702,Mobile,SMS,3900,3510,10122MO11371
10122,114,Advertising,YouTube Pre-roll,1900,2679,10122AD11372
10123,812,Search,SEO,2300,1817,10123SE11373
10123,107,Advertising,Magazine Ad,4300,4042,10123AD11374
10123,812,Search,SEO,2300,2093,10123SE11375
10124,901,Social,Blog,700,567,10124SO11376
10125,904,Social,Forum,3900,4758,10125SO11377
10125,501,Event,Brand Hijack,28900,23409,10125EV11378
10126,109,Advertising,Paid Review,1200,1368,10126AD11379
10126,303,Direct,Postal Mail,4800,5184,10126DI11380
10126,721,Web,Amazon Store,2100,2079,10126WE11381
10126,501,Event,Brand Hijack,28900,27166,10126EV11382
10127,910,Social,Youtube channel,800,856,10127SO11383
10127,908,Social,Twitter,800,800,10127SO11384
10127,604,In-Store,POS displays,5200,4576,10127IN11385
10128,904,Social,Forum,3900,3315,10128SO11386
10128,204,Content,Report Sponsorship,3600,3852,10128CO11387
10128,303,Direct,Postal Mail,4800,4080,10128DI11388
10128,905,Social,Influencer outreach,2100,2163,10128SO11389
10129,905,Social,Influencer outreach,2100,2163,10129SO11390
10130,203,Content,Presentation,4000,2800,10130CO11391
10130,905,Social,Influencer outreach,2100,1617,10130SO11392
10131,105,Advertising,Insert,4400,4532,10131AD11393
10131,304,Direct,Swag,7400,7252,10131DI11394
10131,909,Social,Twitter account,1800,1404,10131SO11395
10131,303,Direct,Postal Mail,4800,3936,10131DI11396
10131,114,Advertising,YouTube Pre-roll,1900,1862,10131AD11397
10132,109,Advertising,Paid Review,1200,1368,10132AD11398
10133,605,In-Store,Signage,3200,2656,10133IN11399
10134,811,Search,PPC,6900,6693,10134SE11400
10134,811,Search,PPC,6900,6348,10134SE11401
10135,903,Social,Facebook Post,700,399,10135SO11402
10136,901,Social,Blog,700,511,10136SO11403
10136,359,Telephone,Hold Message,2400,2520,10136TE11404
10136,101,Advertising,Aggregator,700,364,10136AD11405
10136,904,Social,Forum,3900,4212,10136SO11406
10137,104,Advertising,In-game,1400,1456,10137AD11407
10137,304,Direct,Swag,7400,4958,10137DI11408
10138,904,Social,Forum,3900,4290,10138SO11409
10139,303,Direct,Postal Mail,4800,3504,10139DI11410
10139,723,Web,Microsites,2000,2080,10139WE11411
10140,605,In-Store,Signage,3200,3744,10140IN11412
10140,906,Social,LinkedIn Group,1400,1358,10140SO11413
10140,202,Content,Infographics,2900,2610,10140CO11414
10141,401,Email,Email Blast,2800,2268,10141EM11415
10142,908,Social,Twitter,800,960,10142SO11416
10143,304,Direct,Swag,7400,9694,10143DI11417
10144,907,Social,LinkedIn Post,1400,1526,10144SO11418
10145,359,Telephone,Hold Message,2400,2376,10145TE11419
10146,904,Social,Forum,3900,4758,10146SO11420
10147,201,Content,Content marketing,2800,1932,10147CO11421
10148,908,Social,Twitter,800,744,10148SO11422
10149,903,Social,Facebook Post,700,518,10149SO11423
10150,502,Event,Events,64000,48640,10150EV11424
10150,503,Event,Prizes/Exhibitions,7600,7904,10150EV11425
10151,101,Advertising,Aggregator,700,1288,10151AD11426
10151,401,Email,Email Blast,2800,2744,10151EM11427
10152,401,Email,Email Blast,2800,2548,10152EM11428
10153,605,In-Store,Signage,3200,2592,10153IN11429
10154,108,Advertising,Mobile Ad,800,864,10154AD11430
10154,206,Content,Video,11700,12987,10154CO11431
10155,604,In-Store,POS displays,5200,4888,10155IN11432
10155,902,Social,Facebook Page,2300,2300,10155SO11433
10156,601,In-Store,Display,14000,11760,10156IN11434
10157,106,Advertising,LinkedIn Ad,1000,1360,10157AD11435
10157,503,Event,Prizes/Exhibitions,7600,5700,10157EV11436
10157,801,PR,Press Release,4700,3948,10157PR11437
10157,503,Event,Prizes/Exhibitions,7600,5244,10157EV11438
10157,721,Web,Amazon Store,2100,2184,10157WE11439
10158,205,Content,Research Paper,5900,4602,10158CO11440
10159,905,Social,Influencer outreach,2100,2625,10159SO11441
10160,106,Advertising,LinkedIn Ad,1000,1080,10160AD11442
10160,114,Advertising,YouTube Pre-roll,1900,931,10160AD11443
10161,108,Advertising,Mobile Ad,800,648,10161AD11444
10161,108,Advertising,Mobile Ad,800,816,10161AD11445
10161,910,Social,Youtube channel,800,688,10161SO11446
10161,109,Advertising,Paid Review,1200,1116,10161AD11447
10162,909,Social,Twitter account,1800,1386,10162SO11448
10162,603,In-Store,Loyalty card,2700,2646,10162IN11449
10162,909,Social,Twitter account,1800,1548,10162SO11450
10163,905,Social,Influencer outreach,2100,2037,10163SO11451
10164,903,Social,Facebook Post,700,497,10164SO11452
10164,605,In-Store,Signage,3200,2816,10164IN11453
10165,907,Social,LinkedIn Post,1400,1190,10165SO11454
10165,910,Social,Youtube channel,800,768,10165SO11455
10165,106,Advertising,LinkedIn Ad,1000,800,10165AD11456
10165,302,Direct,Catalogue,24700,31863,10165DI11457
10166,802,PR,Public Relations,6300,7497,10166PR11458
10166,304,Direct,Swag,7400,5032,10166DI11459
10167,206,Content,Video,11700,9711,10167CO11460
10168,702,Mobile,SMS,3900,2691,10168MO11461
10169,206,Content,Video,11700,10296,10169CO11462
10169,802,PR,Public Relations,6300,3969,10169PR11463
10169,101,Advertising,Aggregator,700,826,10169AD11464
10170,359,Telephone,Hold Message,2400,1752,10170TE11465
10171,101,Advertising,Aggregator,700,637,10171AD11466
10171,359,Telephone,Hold Message,2400,1536,10171TE11467
10171,108,Advertising,Mobile Ad,800,896,10171AD11468
10171,905,Social,Influencer outreach,2100,1344,10171SO11469
10171,201,Content,Content marketing,2800,3556,10171CO11470
10171,113,Advertising,Sports Sponsorship,54700,64546,10171AD11471
10172,150,TV,Film/TV product placement,22800,26448,10172TV11472
10173,402,Email,Email Signature,1900,1501,10173EM11473
10173,908,Social,Twitter,800,944,10173SO11474
10173,603,In-Store,Loyalty card,2700,2214,10173IN11475
10174,906,Social,LinkedIn Group,1400,1904,10174SO11476
10175,201,Content,Content marketing,2800,2464,10175CO11477
10176,605,In-Store,Signage,3200,3168,10176IN11478
10176,112,Advertising,Receipt Code,2400,1320,10176AD11479
10176,904,Social,Forum,3900,3393,10176SO11480
10177,906,Social,LinkedIn Group,1400,1330,10177SO11481
10177,304,Direct,Swag,7400,7030,10177DI11482
10177,723,Web,Microsites,2000,1780,10177WE11483
10178,604,In-Store,POS displays,5200,6448,10178IN11484
10178,802,PR,Public Relations,6300,6678,10178PR11485
10178,102,Advertising,Billboard,9500,5225,10178AD11486
10178,206,Content,Video,11700,12519,10178CO11487
10178,109,Advertising,Paid Review,1200,1308,10178AD11488
10179,604,In-Store,POS displays,5200,4940,10179IN11489
10180,114,Advertising,YouTube Pre-roll,1900,1387,10180AD11490
10181,604,In-Store,POS displays,5200,3900,10181IN11491
10182,503,Event,Prizes/Exhibitions,7600,5244,10182EV11492
10182,604,In-Store,POS displays,5200,4316,10182IN11493
10182,101,Advertising,Aggregator,700,658,10182AD11494
10182,904,Social,Forum,3900,2184,10182SO11495
10183,108,Advertising,Mobile Ad,800,1048,10183AD11496
10184,721,Web,Amazon Store,2100,1302,10184WE11497
10184,605,In-Store,Signage,3200,3008,10184IN11498
10184,301,Direct,Alliance Marketing,9500,7315,10184DI11499
10184,303,Direct,Postal Mail,4800,3792,10184DI11500
10185,605,In-Store,Signage,3200,2880,10185IN11501
10186,112,Advertising,Receipt Code,2400,1776,10186AD11502
10187,904,Social,Forum,3900,3042,10187SO11503
10187,605,In-Store,Signage,3200,3360,10187IN11504
10187,723,Web,Microsites,2000,2380,10187WE11505
10187,903,Social,Facebook Post,700,777,10187SO11506
10188,723,Web,Microsites,2000,1660,10188WE11507
10189,904,Social,Forum,3900,4212,10189SO11508
10189,114,Advertising,YouTube Pre-roll,1900,1577,10189AD11509
10190,801,PR,Press Release,4700,3854,10190PR11510
10190,604,In-Store,POS displays,5200,5564,10190IN11511
10191,908,Social,Twitter,800,1040,10191SO11512
10191,909,Social,Twitter account,1800,1530,10191SO11513
10192,151,TV,Program Sponsorship,28400,30956,10192TV11514
10192,401,Email,Email Blast,2800,1652,10192EM11515
10193,909,Social,Twitter account,1800,1548,10193SO11516
10193,909,Social,Twitter account,1800,1350,10193SO11517
10194,152,TV,Smart TV/Console App,23600,21004,10194TV11518
10194,206,Content,Video,11700,9711,10194CO11519
10194,153,TV,TV advert,4500,3285,10194TV11520
10194,602,In-Store,Kiosk,4000,4120,10194IN11521
10194,110,Advertising,Product Packaging,4400,5940,10194AD11522
10194,908,Social,Twitter,800,744,10194SO11523
10195,702,Mobile,SMS,3900,5226,10195MO11524
10196,905,Social,Influencer outreach,2100,1512,10196SO11525
10197,723,Web,Microsites,2000,1500,10197WE11526
10198,501,Event,Brand Hijack,28900,21097,10198EV11527
10199,605,In-Store,Signage,3200,2208,10199IN11528
10200,111,Advertising,Radio Ad,4100,5084,10200AD11529
10201,501,Event,Brand Hijack,28900,29767,10201EV11530
10201,723,Web,Microsites,2000,1760,10201WE11531
10202,204,Content,Report Sponsorship,3600,3348,10202CO11532
10202,105,Advertising,Insert,4400,2332,10202AD11533
10203,114,Advertising,YouTube Pre-roll,1900,1349,10203AD11534
10204,904,Social,Forum,3900,3081,10204SO11535
10204,201,Content,Content marketing,2800,2688,10204CO11536
10205,150,TV,Film/TV product placement,22800,20748,10205TV11537
10206,904,Social,Forum,3900,3588,10206SO11538
10206,603,In-Store,Loyalty card,2700,2511,10206IN11539
10206,206,Content,Video,11700,7839,10206CO11540
10206,402,Email,Email Signature,1900,2014,10206EM11541
10207,107,Advertising,Magazine Ad,4300,4128,10207AD11542
10208,109,Advertising,Paid Review,1200,1632,10208AD11543
10208,202,Content,Infographics,2900,1914,10208CO11544
10209,723,Web,Microsites,2000,1900,10209WE11545
10209,304,Direct,Swag,7400,7844,10209DI11546
10209,112,Advertising,Receipt Code,2400,1656,10209AD11547
10210,203,Content,Presentation,4000,3640,10210CO11548
10210,111,Advertising,Radio Ad,4100,4018,10210AD11549
10211,369,Telephone,Telesales,42200,26586,10211TE11550
10211,908,Social,Twitter,800,552,10211SO11551
10211,151,TV,Program Sponsorship,28400,32376,10211TV11552
10212,910,Social,Youtube channel,800,696,10212SO11553
10213,108,Advertising,Mobile Ad,800,856,10213AD11554
10213,811,Search,PPC,6900,7245,10213SE11555
10214,201,Content,Content marketing,2800,2940,10214CO11556
10215,301,Direct,Alliance Marketing,9500,7505,10215DI11557
10215,906,Social,LinkedIn Group,1400,1316,10215SO11558
10215,906,Social,LinkedIn Group,1400,1134,10215SO11559
10215,202,Content,Infographics,2900,1972,10215CO11560
10216,723,Web,Microsites,2000,2140,10216WE11561
10217,722,Web,Ebay Store,9500,11875,10217WE11562
10217,105,Advertising,Insert,4400,3344,10217AD11563
10218,905,Social,Influencer outreach,2100,2184,10218SO11564
10218,604,In-Store,POS displays,5200,6344,10218IN11565
10219,802,PR,Public Relations,6300,5040,10219PR11566
10220,906,Social,LinkedIn Group,1400,1582,10220SO11567
10221,801,PR,Press Release,4700,4371,10221PR11568
10222,402,Email,Email Signature,1900,2223,10222EM11569
10222,304,Direct,Swag,7400,5994,10222DI11570
10223,402,Email,Email Signature,1900,1729,10223EM11571
10223,359,Telephone,Hold Message,2400,2112,10223TE11572
10224,605,In-Store,Signage,3200,2848,10224IN11573
10225,801,PR,Press Release,4700,3290,10225PR11574
10225,702,Mobile,SMS,3900,4251,10225MO11575
10226,723,Web,Microsites,2000,1660,10226WE11576
10227,903,Social,Facebook Post,700,322,10227SO11577
10227,802,PR,Public Relations,6300,6174,10227PR11578
10227,304,Direct,Swag,7400,7992,10227DI11579
10228,105,Advertising,Insert,4400,3828,10228AD11580
10229,201,Content,Content marketing,2800,2548,10229CO11581
10229,723,Web,Microsites,2000,1320,10229WE11582
10229,151,TV,Program Sponsorship,28400,27832,10229TV11583
10229,605,In-Store,Signage,3200,2720,10229IN11584
10229,111,Advertising,Radio Ad,4100,4018,10229AD11585
10229,901,Social,Blog,700,805,10229SO11586
10230,109,Advertising,Paid Review,1200,1008,10230AD11587
10230,801,PR,Press Release,4700,3008,10230PR11588
10231,811,Search,PPC,6900,7728,10231SE11589
10231,605,In-Store,Signage,3200,2976,10231IN11590
10231,205,Content,Research Paper,5900,4543,10231CO11591
10232,203,Content,Presentation,4000,2760,10232CO11592
10233,604,In-Store,POS displays,5200,3536,10233IN11593
10234,203,Content,Presentation,4000,4160,10234CO11594
10234,107,Advertising,Magazine Ad,4300,3311,10234AD11595
10234,109,Advertising,Paid Review,1200,1416,10234AD11596
10234,812,Search,SEO,2300,2415,10234SE11597
10235,904,Social,Forum,3900,4563,10235SO11598
10235,902,Social,Facebook Page,2300,1748,10235SO11599
10235,812,Search,SEO,2300,2622,10235SE11600
10236,205,Content,Research Paper,5900,3304,10236CO11601
10237,908,Social,Twitter,800,920,10237SO11602
10238,106,Advertising,LinkedIn Ad,1000,800,10238AD11603
10238,811,Search,PPC,6900,4554,10238SE11604
10239,907,Social,LinkedIn Post,1400,1526,10239SO11605
10240,904,Social,Forum,3900,4836,10240SO11606
10240,907,Social,LinkedIn Post,1400,1526,10240SO11607
10240,304,Direct,Swag,7400,9472,10240DI11608
10240,109,Advertising,Paid Review,1200,1320,10240AD11609
10241,303,Direct,Postal Mail,4800,2160,10241DI11610
10242,904,Social,Forum,3900,3783,10242SO11611
10243,902,Social,Facebook Page,2300,2806,10243SO11612
10243,110,Advertising,Product Packaging,4400,3564,10243AD11613
10243,802,PR,Public Relations,6300,6048,10243PR11614
10244,811,Search,PPC,6900,6969,10244SE11615
10245,101,Advertising,Aggregator,700,672,10245AD11616
10245,109,Advertising,Paid Review,1200,1416,10245AD11617
10246,203,Content,Presentation,4000,3320,10246CO11618
10247,905,Social,Influencer outreach,2100,1932,10247SO11619
10248,909,Social,Twitter account,1800,918,10248SO11620
10248,905,Social,Influencer outreach,2100,2205,10248SO11621
10249,811,Search,PPC,6900,4968,10249SE11622
10249,359,Telephone,Hold Message,2400,1968,10249TE11623
10249,909,Social,Twitter account,1800,1728,10249SO11624
10249,203,Content,Presentation,4000,4120,10249CO11625
10250,801,PR,Press Release,4700,1598,10250PR11626
10251,908,Social,Twitter,800,744,10251SO11627
10252,104,Advertising,In-game,1400,1162,10252AD11628
10253,302,Direct,Catalogue,24700,25441,10253DI11629
10254,702,Mobile,SMS,3900,4212,10254MO11630
10255,204,Content,Report Sponsorship,3600,4032,10255CO11631
10256,103,Advertising,Digital Signage,4600,3772,10256AD11632
10256,202,Content,Infographics,2900,2929,10256CO11633
10256,702,Mobile,SMS,3900,3198,10256MO11634
10257,102,Advertising,Billboard,9500,10640,10257AD11635
10257,812,Search,SEO,2300,2346,10257SE11636
10258,910,Social,Youtube channel,800,720,10258SO11637
10259,205,Content,Research Paper,5900,6667,10259CO11638
10259,369,Telephone,Telesales,42200,51906,10259TE11639
10259,301,Direct,Alliance Marketing,9500,11495,10259DI11640
10259,401,Email,Email Blast,2800,2576,10259EM11641
10260,902,Social,Facebook Page,2300,2254,10260SO11642
10260,402,Email,Email Signature,1900,1634,10260EM11643
10261,906,Social,LinkedIn Group,1400,1498,10261SO11644
10261,202,Content,Infographics,2900,2900,10261CO11645
10261,112,Advertising,Receipt Code,2400,1704,10261AD11646
10261,102,Advertising,Billboard,9500,7790,10261AD11647
10262,402,Email,Email Signature,1900,2356,10262EM11648
10262,205,Content,Research Paper,5900,4602,10262CO11649
10262,205,Content,Research Paper,5900,5487,10262CO11650
10262,402,Email,Email Signature,1900,2242,10262EM11651
10263,906,Social,LinkedIn Group,1400,2170,10263SO11652
10263,401,Email,Email Blast,2800,2576,10263EM11653
10264,901,Social,Blog,700,476,10264SO11654
10265,604,In-Store,POS displays,5200,2652,10265IN11655
10265,402,Email,Email Signature,1900,1045,10265EM11656
10265,402,Email,Email Signature,1900,1463,10265EM11657
10265,401,Email,Email Blast,2800,2744,10265EM11658
10266,721,Web,Amazon Store,2100,2226,10266WE11659
10267,702,Mobile,SMS,3900,4056,10267MO11660
10268,503,Event,Prizes/Exhibitions,7600,7068,10268EV11661
10269,801,PR,Press Release,4700,3948,10269PR11662
10270,108,Advertising,Mobile Ad,800,744,10270AD11663
10271,205,Content,Research Paper,5900,6785,10271CO11664
10271,102,Advertising,Billboard,9500,10925,10271AD11665
10271,401,Email,Email Blast,2800,3136,10271EM11666
10271,201,Content,Content marketing,2800,2912,10271CO11667
10272,202,Content,Infographics,2900,3393,10272CO11668
10272,722,Web,Ebay Store,9500,8075,10272WE11669
10272,903,Social,Facebook Post,700,812,10272SO11670
10272,203,Content,Presentation,4000,5480,10272CO11671
10272,702,Mobile,SMS,3900,3939,10272MO11672
10273,204,Content,Report Sponsorship,3600,2700,10273CO11673
10273,909,Social,Twitter account,1800,1548,10273SO11674
10273,723,Web,Microsites,2000,880,10273WE11675
10274,104,Advertising,In-game,1400,1414,10274AD11676
10275,802,PR,Public Relations,6300,4914,10275PR11677
10276,359,Telephone,Hold Message,2400,2328,10276TE11678
10277,203,Content,Presentation,4000,3400,10277CO11679
10277,721,Web,Amazon Store,2100,1407,10277WE11680
10278,801,PR,Press Release,4700,4606,10278PR11681
10279,909,Social,Twitter account,1800,1620,10279SO11682
10279,905,Social,Influencer outreach,2100,2310,10279SO11683
10280,204,Content,Report Sponsorship,3600,4140,10280CO11684
10281,369,Telephone,Telesales,42200,38824,10281TE11685
10282,114,Advertising,YouTube Pre-roll,1900,1292,10282AD11686
10282,204,Content,Report Sponsorship,3600,1836,10282CO11687
10283,369,Telephone,Telesales,42200,27430,10283TE11688
10284,604,In-Store,POS displays,5200,5564,10284IN11689
10285,801,PR,Press Release,4700,6721,10285PR11690
10286,105,Advertising,Insert,4400,4576,10286AD11691
10286,106,Advertising,LinkedIn Ad,1000,1110,10286AD11692
10287,503,Event,Prizes/Exhibitions,7600,4104,10287EV11693
10287,503,Event,Prizes/Exhibitions,7600,6840,10287EV11694
10288,401,Email,Email Blast,2800,2352,10288EM11695
10288,801,PR,Press Release,4700,5123,10288PR11696
10288,301,Direct,Alliance Marketing,9500,8645,10288DI11697
10289,202,Content,Infographics,2900,2900,10289CO11698
10290,909,Social,Twitter account,1800,2160,10290SO11699
10290,811,Search,PPC,6900,7314,10290SE11700
10291,359,Telephone,Hold Message,2400,2328,10291TE11701
10292,102,Advertising,Billboard,9500,7505,10292AD11702
10293,104,Advertising,In-game,1400,1834,10293AD11703
10293,205,Content,Research Paper,5900,4720,10293CO11704
10293,401,Email,Email Blast,2800,2436,10293EM11705
10293,902,Social,Facebook Page,2300,2369,10293SO11706
10293,111,Advertising,Radio Ad,4100,4879,10293AD11707
10294,204,Content,Report Sponsorship,3600,3384,10294CO11708
10295,201,Content,Content marketing,2800,3276,10295CO11709
10296,812,Search,SEO,2300,3082,10296SE11710
10296,605,In-Store,Signage,3200,3488,10296IN11711
10296,114,Advertising,YouTube Pre-roll,1900,1957,10296AD11712
10297,205,Content,Research Paper,5900,4838,10297CO11713
10298,402,Email,Email Signature,1900,1786,10298EM11714
10298,107,Advertising,Magazine Ad,4300,4902,10298AD11715
10299,702,Mobile,SMS,3900,3705,10299MO11716
10299,201,Content,Content marketing,2800,1736,10299CO11717
10300,303,Direct,Postal Mail,4800,4608,10300DI11718
10301,101,Advertising,Aggregator,700,546,10301AD11719
10301,908,Social,Twitter,800,648,10301SO11720
10302,908,Social,Twitter,800,640,10302SO11721
10303,114,Advertising,YouTube Pre-roll,1900,1957,10303AD11722
10303,304,Direct,Swag,7400,6586,10303DI11723
10304,802,PR,Public Relations,6300,4977,10304PR11724
10304,812,Search,SEO,2300,2645,10304SE11725
10305,105,Advertising,Insert,4400,3828,10305AD11726
10306,359,Telephone,Hold Message,2400,2784,10306TE11727
10307,108,Advertising,Mobile Ad,800,808,10307AD11728
10308,102,Advertising,Billboard,9500,11305,10308AD11729
10309,802,PR,Public Relations,6300,3528,10309PR11730
10310,110,Advertising,Product Packaging,4400,3960,10310AD11731
10310,303,Direct,Postal Mail,4800,3984,10310DI11732
10311,723,Web,Microsites,2000,2120,10311WE11733
10312,910,Social,Youtube channel,800,824,10312SO11734
10313,301,Direct,Alliance Marketing,9500,6080,10313DI11735
10313,910,Social,Youtube channel,800,584,10313SO11736
10314,907,Social,LinkedIn Post,1400,1540,10314SO11737
10315,812,Search,SEO,2300,2047,10315SE11738
10316,106,Advertising,LinkedIn Ad,1000,640,10316AD11739
10316,903,Social,Facebook Post,700,840,10316SO11740
10316,402,Email,Email Signature,1900,2356,10316EM11741
10317,801,PR,Press Release,4700,5593,10317PR11742
10317,203,Content,Presentation,4000,2720,10317CO11743
10318,503,Event,Prizes/Exhibitions,7600,7600,10318EV11744
10318,202,Content,Infographics,2900,2784,10318CO11745
10319,908,Social,Twitter,800,448,10319SO11746
10320,908,Social,Twitter,800,768,10320SO11747
10320,369,Telephone,Telesales,42200,32916,10320TE11748
10321,721,Web,Amazon Store,2100,2268,10321WE11749
10322,103,Advertising,Digital Signage,4600,3404,10322AD11750
10322,103,Advertising,Digital Signage,4600,5888,10322AD11751
10322,909,Social,Twitter account,1800,1764,10322SO11752
10323,906,Social,LinkedIn Group,1400,2016,10323SO11753
10324,110,Advertising,Product Packaging,4400,1496,10324AD11754
10325,723,Web,Microsites,2000,1960,10325WE11755
10325,301,Direct,Alliance Marketing,9500,6935,10325DI11756
10326,909,Social,Twitter account,1800,1926,10326SO11757
10327,904,Social,Forum,3900,4056,10327SO11758
10327,201,Content,Content marketing,2800,2632,10327CO11759
10328,109,Advertising,Paid Review,1200,1104,10328AD11760
10328,905,Social,Influencer outreach,2100,1512,10328SO11761
10328,902,Social,Facebook Page,2300,2162,10328SO11762
10328,369,Telephone,Telesales,42200,45576,10328TE11763
10329,106,Advertising,LinkedIn Ad,1000,920,10329AD11764
10330,903,Social,Facebook Post,700,805,10330SO11765
10330,103,Advertising,Digital Signage,4600,4462,10330AD11766
10330,401,Email,Email Blast,2800,2436,10330EM11767
10330,605,In-Store,Signage,3200,3168,10330IN11768
10330,503,Event,Prizes/Exhibitions,7600,6992,10330EV11769
10331,602,In-Store,Kiosk,4000,3120,10331IN11770
10331,906,Social,LinkedIn Group,1400,1288,10331SO11771
10331,303,Direct,Postal Mail,4800,3504,10331DI11772
10331,401,Email,Email Blast,2800,2296,10331EM11773
10331,104,Advertising,In-game,1400,1932,10331AD11774
10332,104,Advertising,In-game,1400,882,10332AD11775
10332,901,Social,Blog,700,903,10332SO11776
10333,604,In-Store,POS displays,5200,4524,10333IN11777
10334,904,Social,Forum,3900,2574,10334SO11778
10334,303,Direct,Postal Mail,4800,4992,10334DI11779
10334,905,Social,Influencer outreach,2100,2646,10334SO11780
10334,905,Social,Influencer outreach,2100,2016,10334SO11781
10334,105,Advertising,Insert,4400,3696,10334AD11782
10335,904,Social,Forum,3900,3120,10335SO11783
10336,722,Web,Ebay Store,9500,8740,10336WE11784
10337,901,Social,Blog,700,665,10337SO11785
10338,104,Advertising,In-game,1400,1400,10338AD11786
10338,723,Web,Microsites,2000,1740,10338WE11787
10339,114,Advertising,YouTube Pre-roll,1900,1710,10339AD11788
10339,303,Direct,Postal Mail,4800,4992,10339DI11789
10339,503,Event,Prizes/Exhibitions,7600,6840,10339EV11790
10340,202,Content,Infographics,2900,3625,10340CO11791
10341,112,Advertising,Receipt Code,2400,2184,10341AD11792
10341,203,Content,Presentation,4000,3680,10341CO11793
10342,201,Content,Content marketing,2800,2240,10342CO11794
10343,202,Content,Infographics,2900,2349,10343CO11795
10344,802,PR,Public Relations,6300,5607,10344PR11796
10345,603,In-Store,Loyalty card,2700,1917,10345IN11797
10346,151,TV,Program Sponsorship,28400,26412,10346TV11798
10346,811,Search,PPC,6900,7590,10346SE11799
10346,721,Web,Amazon Store,2100,2121,10346WE11800
10346,903,Social,Facebook Post,700,504,10346SO11801
10346,369,Telephone,Telesales,42200,43888,10346TE11802
10346,908,Social,Twitter,800,624,10346SO11803
10346,401,Email,Email Blast,2800,2576,10346EM11804
10347,906,Social,LinkedIn Group,1400,1078,10347SO11805
10347,359,Telephone,Hold Message,2400,1776,10347TE11806
10348,905,Social,Influencer outreach,2100,1407,10348SO11807
10348,106,Advertising,LinkedIn Ad,1000,1200,10348AD11808
10349,152,TV,Smart TV/Console App,23600,20768,10349TV11809
10349,153,TV,TV advert,4500,2790,10349TV11810
10350,906,Social,LinkedIn Group,1400,1554,10350SO11811
10351,801,PR,Press Release,4700,3760,10351PR11812
10352,603,In-Store,Loyalty card,2700,3105,10352IN11813
10352,105,Advertising,Insert,4400,3696,10352AD11814
10353,114,Advertising,YouTube Pre-roll,1900,1235,10353AD11815
10353,106,Advertising,LinkedIn Ad,1000,810,10353AD11816
10354,150,TV,Film/TV product placement,22800,21660,10354TV11817
10354,604,In-Store,POS displays,5200,3068,10354IN11818
10354,301,Direct,Alliance Marketing,9500,7600,10354DI11819
10354,901,Social,Blog,700,693,10354SO11820
10355,369,Telephone,Telesales,42200,9706,10355TE11821
10356,205,Content,Research Paper,5900,6726,10356CO11822
10356,303,Direct,Postal Mail,4800,4752,10356DI11823
10356,112,Advertising,Receipt Code,2400,2040,10356AD11824
10356,204,Content,Report Sponsorship,3600,3924,10356CO11825
10356,903,Social,Facebook Post,700,658,10356SO11826
10357,502,Event,Events,64000,80640,10357EV11827
10357,401,Email,Email Blast,2800,3556,10357EM11828
10357,503,Event,Prizes/Exhibitions,7600,6840,10357EV11829
10358,702,Mobile,SMS,3900,3237,10358MO11830
10358,702,Mobile,SMS,3900,4095,10358MO11831
10358,812,Search,SEO,2300,2530,10358SE11832
10358,401,Email,Email Blast,2800,3192,10358EM11833
10359,206,Content,Video,11700,9945,10359CO11834
10360,104,Advertising,In-game,1400,1302,10360AD11835
10360,812,Search,SEO,2300,1955,10360SE11836
10361,904,Social,Forum,3900,2613,10361SO11837
10362,202,Content,Infographics,2900,4002,10362CO11838
10362,906,Social,LinkedIn Group,1400,1372,10362SO11839
10362,402,Email,Email Signature,1900,1634,10362EM11840
10363,303,Direct,Postal Mail,4800,4704,10363DI11841
10363,304,Direct,Swag,7400,6734,10363DI11842
10364,604,In-Store,POS displays,5200,4108,10364IN11843
10365,205,Content,Research Paper,5900,4543,10365CO11844
10365,909,Social,Twitter account,1800,2232,10365SO11845
10366,503,Event,Prizes/Exhibitions,7600,8284,10366EV11846
10366,909,Social,Twitter account,1800,1386,10366SO11847
10367,904,Social,Forum,3900,3549,10367SO11848
10368,812,Search,SEO,2300,2415,10368SE11849
10369,902,Social,Facebook Page,2300,2737,10369SO11850
10369,204,Content,Report Sponsorship,3600,3348,10369CO11851
10370,203,Content,Presentation,4000,4080,10370CO11852
10371,904,Social,Forum,3900,4446,10371SO11853
10371,369,Telephone,Telesales,42200,43044,10371TE11854
10371,101,Advertising,Aggregator,700,609,10371AD11855
10372,109,Advertising,Paid Review,1200,1272,10372AD11856
10373,369,Telephone,Telesales,42200,46420,10373TE11857
10374,369,Telephone,Telesales,42200,42622,10374TE11858
10374,904,Social,Forum,3900,2145,10374SO11859
10375,107,Advertising,Magazine Ad,4300,4042,10375AD11860
10376,303,Direct,Postal Mail,4800,5520,10376DI11861
10376,106,Advertising,LinkedIn Ad,1000,630,10376AD11862
10377,501,Event,Brand Hijack,28900,31212,10377EV11863
10377,811,Search,PPC,6900,6693,10377SE11864
10377,602,In-Store,Kiosk,4000,3680,10377IN11865
10378,503,Event,Prizes/Exhibitions,7600,4256,10378EV11866
10379,723,Web,Microsites,2000,1780,10379WE11867
10379,303,Direct,Postal Mail,4800,2784,10379DI11868
10380,604,In-Store,POS displays,5200,4004,10380IN11869
10381,112,Advertising,Receipt Code,2400,2136,10381AD11870
10382,701,Mobile,Mobile App,3200,3232,10382MO11871
10383,402,Email,Email Signature,1900,2413,10383EM11872
10384,303,Direct,Postal Mail,4800,3792,10384DI11873
10385,905,Social,Influencer outreach,2100,1512,10385SO11874
10385,702,Mobile,SMS,3900,4758,10385MO11875
10385,106,Advertising,LinkedIn Ad,1000,860,10385AD11876
10386,812,Search,SEO,2300,2392,10386SE11877
10387,102,Advertising,Billboard,9500,8930,10387AD11878
10387,150,TV,Film/TV product placement,22800,13224,10387TV11879
10387,503,Event,Prizes/Exhibitions,7600,8284,10387EV11880
10387,102,Advertising,Billboard,9500,8170,10387AD11881
10388,105,Advertising,Insert,4400,3476,10388AD11882
10388,907,Social,LinkedIn Post,1400,1610,10388SO11883
10389,402,Email,Email Signature,1900,1216,10389EM11884
10389,702,Mobile,SMS,3900,3276,10389MO11885
10389,402,Email,Email Signature,1900,1558,10389EM11886
10390,205,Content,Research Paper,5900,7080,10390CO11887
10391,402,Email,Email Signature,1900,1691,10391EM11888
10391,105,Advertising,Insert,4400,4664,10391AD11889
10391,702,Mobile,SMS,3900,3198,10391MO11890
10392,603,In-Store,Loyalty card,2700,3159,10392IN11891
10392,906,Social,LinkedIn Group,1400,1092,10392SO11892
10393,907,Social,LinkedIn Post,1400,1400,10393SO11893
10393,108,Advertising,Mobile Ad,800,992,10393AD11894
10393,908,Social,Twitter,800,664,10393SO11895
10393,104,Advertising,In-game,1400,1204,10393AD11896
10394,907,Social,LinkedIn Post,1400,1134,10394SO11897
10394,811,Search,PPC,6900,5589,10394SE11898
10394,801,PR,Press Release,4700,3431,10394PR11899
10395,901,Social,Blog,700,364,10395SO11900
10395,903,Social,Facebook Post,700,756,10395SO11901
10396,902,Social,Facebook Page,2300,2461,10396SO11902
10397,501,Event,Brand Hijack,28900,19941,10397EV11903
10398,301,Direct,Alliance Marketing,9500,7695,10398DI11904
10399,903,Social,Facebook Post,700,518,10399SO11905
10399,101,Advertising,Aggregator,700,623,10399AD11906
10400,722,Web,Ebay Store,9500,8645,10400WE11907
10401,812,Search,SEO,2300,2484,10401SE11908
10402,203,Content,Presentation,4000,4000,10402CO11909
10402,604,In-Store,POS displays,5200,3224,10402IN11910
10402,402,Email,Email Signature,1900,2109,10402EM11911
10403,201,Content,Content marketing,2800,2492,10403CO11912
10403,721,Web,Amazon Store,2100,1533,10403WE11913
10404,301,Direct,Alliance Marketing,9500,10450,10404DI11914
10405,203,Content,Presentation,4000,3760,10405CO11915
10405,907,Social,LinkedIn Post,1400,1106,10405SO11916
10405,303,Direct,Postal Mail,4800,4560,10405DI11917
10405,605,In-Store,Signage,3200,3968,10405IN11918
10406,812,Search,SEO,2300,2346,10406SE11919
10406,301,Direct,Alliance Marketing,9500,8835,10406DI11920
10406,201,Content,Content marketing,2800,3164,10406CO11921
10407,503,Event,Prizes/Exhibitions,7600,7524,10407EV11922
10408,153,TV,TV advert,4500,3105,10408TV11923
10408,702,Mobile,SMS,3900,3822,10408MO11924
10409,501,Event,Brand Hijack,28900,32657,10409EV11925
10409,812,Search,SEO,2300,2254,10409SE11926
10410,106,Advertising,LinkedIn Ad,1000,810,10410AD11927
10410,303,Direct,Postal Mail,4800,5616,10410DI11928
10410,304,Direct,Swag,7400,4958,10410DI11929
10411,903,Social,Facebook Post,700,567,10411SO11930
10412,903,Social,Facebook Post,700,525,10412SO11931
10413,502,Event,Events,64000,66560,10413EV11932
10413,603,In-Store,Loyalty card,2700,3240,10413IN11933
10413,201,Content,Content marketing,2800,2240,10413CO11934
10414,902,Social,Facebook Page,2300,1840,10414SO11935
10415,906,Social,LinkedIn Group,1400,1246,10415SO11936
10416,702,Mobile,SMS,3900,4758,10416MO11937
10417,201,Content,Content marketing,2800,2604,10417CO11938
10417,201,Content,Content marketing,2800,2884,10417CO11939
10418,359,Telephone,Hold Message,2400,2208,10418TE11940
10419,301,Direct,Alliance Marketing,9500,5035,10419DI11941
10419,802,PR,Public Relations,6300,5103,10419PR11942
10420,109,Advertising,Paid Review,1200,1284,10420AD11943
10421,114,Advertising,YouTube Pre-roll,1900,1615,10421AD11944
10421,723,Web,Microsites,2000,2040,10421WE11945
10422,904,Social,Forum,3900,3354,10422SO11946
10422,605,In-Store,Signage,3200,2560,10422IN11947
10423,112,Advertising,Receipt Code,2400,2184,10423AD11948
10424,206,Content,Video,11700,7254,10424CO11949
10424,102,Advertising,Billboard,9500,11400,10424AD11950
10425,701,Mobile,Mobile App,3200,4000,10425MO11951
10425,901,Social,Blog,700,623,10425SO11952
10426,901,Social,Blog,700,812,10426SO11953
10426,723,Web,Microsites,2000,1440,10426WE11954
10427,402,Email,Email Signature,1900,1216,10427EM11955
10427,303,Direct,Postal Mail,4800,4224,10427DI11956
10427,204,Content,Report Sponsorship,3600,2340,10427CO11957
10428,303,Direct,Postal Mail,4800,6000,10428DI11958
10429,906,Social,LinkedIn Group,1400,1526,10429SO11959
10430,205,Content,Research Paper,5900,7021,10430CO11960
10430,905,Social,Influencer outreach,2100,1638,10430SO11961
10430,604,In-Store,POS displays,5200,5304,10430IN11962
10430,907,Social,LinkedIn Post,1400,1792,10430SO11963
10431,812,Search,SEO,2300,2852,10431SE11964
10431,605,In-Store,Signage,3200,2912,10431IN11965
10431,303,Direct,Postal Mail,4800,4128,10431DI11966
10431,605,In-Store,Signage,3200,3360,10431IN11967
10431,901,Social,Blog,700,756,10431SO11968
10432,802,PR,Public Relations,6300,6678,10432PR11969
10432,359,Telephone,Hold Message,2400,2088,10432TE11970
10432,604,In-Store,POS displays,5200,5200,10432IN11971
10433,721,Web,Amazon Store,2100,1722,10433WE11972
10434,205,Content,Research Paper,5900,4602,10434CO11973
10434,901,Social,Blog,700,679,10434SO11974
10435,909,Social,Twitter account,1800,1674,10435SO11975
10436,114,Advertising,YouTube Pre-roll,1900,1615,10436AD11976
10436,906,Social,LinkedIn Group,1400,1092,10436SO11977
10437,103,Advertising,Digital Signage,4600,3542,10437AD11978
10437,106,Advertising,LinkedIn Ad,1000,1310,10437AD11979
10437,802,PR,Public Relations,6300,7308,10437PR11980
10438,802,PR,Public Relations,6300,6300,10438PR11981
10439,303,Direct,Postal Mail,4800,5280,10439DI11982
10440,601,In-Store,Display,14000,14420,10440IN11983
10441,904,Social,Forum,3900,2847,10441SO11984
10441,110,Advertising,Product Packaging,4400,3080,10441AD11985
10442,811,Search,PPC,6900,6141,10442SE11986
10442,401,Email,Email Blast,2800,2268,10442EM11987
10442,721,Web,Amazon Store,2100,2478,10442WE11988
10442,203,Content,Presentation,4000,3680,10442CO11989
10442,106,Advertising,LinkedIn Ad,1000,1210,10442AD11990
10443,801,PR,Press Release,4700,5217,10443PR11991
10443,110,Advertising,Product Packaging,4400,4576,10443AD11992
10443,153,TV,TV advert,4500,4995,10443TV11993
10443,812,Search,SEO,2300,2369,10443SE11994
10444,205,Content,Research Paper,5900,5487,10444CO11995
10445,202,Content,Infographics,2900,2233,10445CO11996
10445,105,Advertising,Insert,4400,4488,10445AD11997
10445,359,Telephone,Hold Message,2400,3360,10445TE11998
10445,301,Direct,Alliance Marketing,9500,6650,10445DI11999
10446,401,Email,Email Blast,2800,3220,10446EM12000
10446,701,Mobile,Mobile App,3200,3040,10446MO12001
10447,201,Content,Content marketing,2800,1008,10447CO12002
10448,110,Advertising,Product Packaging,4400,3432,10448AD12003
10449,203,Content,Presentation,4000,2600,10449CO12004
10450,811,Search,PPC,6900,6900,10450SE12005
10450,204,Content,Report Sponsorship,3600,2592,10450CO12006
10451,369,Telephone,Telesales,42200,39668,10451TE12007
10452,905,Social,Influencer outreach,2100,2016,10452SO12008
10453,103,Advertising,Digital Signage,4600,3956,10453AD12009
10453,811,Search,PPC,6900,6141,10453SE12010
10453,802,PR,Public Relations,6300,5229,10453PR12011
10454,205,Content,Research Paper,5900,5664,10454CO12012
10455,812,Search,SEO,2300,3013,10455SE12013
10455,206,Content,Video,11700,11934,10455CO12014
10455,114,Advertising,YouTube Pre-roll,1900,1881,10455AD12015
10455,701,Mobile,Mobile App,3200,3392,10455MO12016
10456,303,Direct,Postal Mail,4800,3840,10456DI12017
10456,108,Advertising,Mobile Ad,800,1096,10456AD12018
10456,501,Event,Brand Hijack,28900,28033,10456EV12019
10457,114,Advertising,YouTube Pre-roll,1900,1216,10457AD12020
10458,722,Web,Ebay Store,9500,8740,10458WE12021
10459,201,Content,Content marketing,2800,2324,10459CO12022
10459,801,PR,Press Release,4700,5687,10459PR12023
10459,201,Content,Content marketing,2800,2632,10459CO12024
10459,722,Web,Ebay Store,9500,12160,10459WE12025
10459,104,Advertising,In-game,1400,1666,10459AD12026
10460,108,Advertising,Mobile Ad,800,856,10460AD12027
10460,904,Social,Forum,3900,3627,10460SO12028
10461,108,Advertising,Mobile Ad,800,936,10461AD12029
10461,151,TV,Program Sponsorship,28400,31524,10461TV12030
10461,205,Content,Research Paper,5900,6136,10461CO12031
10462,105,Advertising,Insert,4400,4532,10462AD12032
10462,114,Advertising,YouTube Pre-roll,1900,1976,10462AD12033
10462,902,Social,Facebook Page,2300,1656,10462SO12034
10462,108,Advertising,Mobile Ad,800,840,10462AD12035
10462,605,In-Store,Signage,3200,2912,10462IN12036
10462,901,Social,Blog,700,1029,10462SO12037
10462,114,Advertising,YouTube Pre-roll,1900,2090,10462AD12038
10462,904,Social,Forum,3900,4641,10462SO12039
10462,801,PR,Press Release,4700,4653,10462PR12040
10463,904,Social,Forum,3900,4212,10463SO12041
10464,202,Content,Infographics,2900,2523,10464CO12042
10464,202,Content,Infographics,2900,2668,10464CO12043
10465,812,Search,SEO,2300,1380,10465SE12044
10465,906,Social,LinkedIn Group,1400,1540,10465SO12045
10466,501,Event,Brand Hijack,28900,33813,10466EV12046
10466,812,Search,SEO,2300,2346,10466SE12047
10466,108,Advertising,Mobile Ad,800,832,10466AD12048
10467,201,Content,Content marketing,2800,2772,10467CO12049
10467,101,Advertising,Aggregator,700,609,10467AD12050
10467,107,Advertising,Magazine Ad,4300,4042,10467AD12051
10467,604,In-Store,POS displays,5200,4576,10467IN12052
10467,702,Mobile,SMS,3900,3783,10467MO12053
10467,604,In-Store,POS displays,5200,3692,10467IN12054
10467,801,PR,Press Release,4700,3290,10467PR12055
10468,402,Email,Email Signature,1900,2166,10468EM12056
10469,402,Email,Email Signature,1900,1881,10469EM12057
10469,910,Social,Youtube channel,800,928,10469SO12058
10470,402,Email,Email Signature,1900,1957,10470EM12059
10470,101,Advertising,Aggregator,700,854,10470AD12060
10470,301,Direct,Alliance Marketing,9500,11685,10470DI12061
10470,105,Advertising,Insert,4400,3916,10470AD12062
10470,202,Content,Infographics,2900,2639,10470CO12063
10471,905,Social,Influencer outreach,2100,1617,10471SO12064
10471,903,Social,Facebook Post,700,427,10471SO12065
10472,304,Direct,Swag,7400,6216,10472DI12066
10473,106,Advertising,LinkedIn Ad,1000,940,10473AD12067
10473,602,In-Store,Kiosk,4000,4080,10473IN12068
10474,604,In-Store,POS displays,5200,6240,10474IN12069
10475,811,Search,PPC,6900,5796,10475SE12070
10475,910,Social,Youtube channel,800,1096,10475SO12071
10476,907,Social,LinkedIn Post,1400,1050,10476SO12072
10477,101,Advertising,Aggregator,700,861,10477AD12073
10478,402,Email,Email Signature,1900,1197,10478EM12074
10478,601,In-Store,Display,14000,10780,10478IN12075
10479,359,Telephone,Hold Message,2400,2280,10479TE12076
10480,369,Telephone,Telesales,42200,43888,10480TE12077
10481,304,Direct,Swag,7400,6438,10481DI12078
10482,812,Search,SEO,2300,2323,10482SE12079
10482,101,Advertising,Aggregator,700,532,10482AD12080
10483,801,PR,Press Release,4700,3995,10483PR12081
10483,106,Advertising,LinkedIn Ad,1000,690,10483AD12082
10484,102,Advertising,Billboard,9500,6935,10484AD12083
10485,906,Social,LinkedIn Group,1400,1092,10485SO12084
10485,203,Content,Presentation,4000,4520,10485CO12085
10486,205,Content,Research Paper,5900,5428,10486CO12086
10486,908,Social,Twitter,800,824,10486SO12087
10487,206,Content,Video,11700,7605,10487CO12088
10488,304,Direct,Swag,7400,8066,10488DI12089
10488,359,Telephone,Hold Message,2400,3096,10488TE12090
10488,401,Email,Email Blast,2800,3192,10488EM12091
10488,701,Mobile,Mobile App,3200,3456,10488MO12092
10488,113,Advertising,Sports Sponsorship,54700,66734,10488AD12093
10489,110,Advertising,Product Packaging,4400,3828,10489AD12094
10489,910,Social,Youtube channel,800,768,10489SO12095
10490,502,Event,Events,64000,72960,10490EV12096
10491,811,Search,PPC,6900,6210,10491SE12097
10491,303,Direct,Postal Mail,4800,5088,10491DI12098
10491,205,Content,Research Paper,5900,1888,10491CO12099
10491,101,Advertising,Aggregator,700,735,10491AD12100
10492,903,Social,Facebook Post,700,546,10492SO12101
10493,109,Advertising,Paid Review,1200,984,10493AD12102
10493,905,Social,Influencer outreach,2100,2373,10493SO12103
10494,604,In-Store,POS displays,5200,4992,10494IN12104
10495,801,PR,Press Release,4700,4653,10495PR12105
10496,201,Content,Content marketing,2800,1904,10496CO12106
10496,603,In-Store,Loyalty card,2700,1890,10496IN12107
10496,812,Search,SEO,2300,2599,10496SE12108
10497,901,Social,Blog,700,798,10497SO12109
10497,108,Advertising,Mobile Ad,800,792,10497AD12110
